{
  "openapi": "3.0.0",
  "info": {
    "title": "Phoenix Ignite API",
    "description": "API for Ignite",
    "version": "1.0.0"
  },
  "paths": {
    "/api2/data-session/new": {
      "post": {
        "summary": "Create a new data session",
        "description": "Creates a new data session. If a data session with the specified ID already exists, returns a bad request status.",
        "requestBody": {
          "required": true,
          "content": {
            "application/json": {
              "schema": {
                "type": "object",
                "properties": {
                  "id": {
                    "type": "string",
                    "format": "uuid"
                  },
                  "user": {
                    "type": "string",
                    "format": "uuid"
                  },
                  "sessionName": {
                    "type": "string"
                  },
                  "creationDate": {
                    "type": "string",
                    "format": "date-time"
                  },
                  "data": {
                    "type": "object"
                  },
                  "status": {
                    "type": "string",
                    "enum": [
                      "Initializing",
                      "Completed",
                      "Failed"
                    ]
                  }
                },
                "required": [
                  "id",
                  "user",
                  "sessionName",
                  "creationDate"
                ]
              }
            },
            "application/octet-stream": {
              "schema": {
                "type": "string",
                "format": "binary"
              }
            }
          }
        },
        "responses": {
          "200": {
            "description": "Successful response"
          }
        }
      }
    },
    "/api2/data-session/{id}": {
      "get": {
        "summary": "Get data session by ID",
        "parameters": [
          {
            "name": "id",
            "in": "path",
            "required": true,
            "schema": {
              "type": "string"
            }
          },
          {
            "name": "userId",
            "in": "query",
            "required": true,
            "schema": {
              "type": "string"
            }
          }
        ],
        "responses": {
          "200": {
            "description": "Successful operation"
          }
        }
      }
    },
    "/api2/data-session-put/new": {
      "put": {
        "summary": "Create or update a data session",
        "description": "Creates or updates a data session. If a data session with the specified ID already exists, returns a bad request status.",
        "requestBody": {
          "required": true,
          "content": {
            "application/json": {
              "schema": {
                "type": "object",
                "properties": {
                  "id": {
                    "type": "string",
                    "format": "uuid"
                  },
                  "user": {
                    "type": "string",
                    "format": "uuid"
                  },
                  "sessionName": {
                    "type": "string"
                  },
                  "creationDate": {
                    "type": "string",
                    "format": "date-time"
                  },
                  "data": {
                    "type": "object"
                  },
                  "status": {
                    "type": "string",
                    "enum": [
                      "Initializing",
                      "Completed",
                      "Failed"
                    ]
                  }
                },
                "required": [
                  "id",
                  "userId",
                  "sessionName",
                  "creationDate"
                ]
              }
            },
            "application/octet-stream": {
              "schema": {
                "type": "string",
                "format": "binary"
              }
            }
          }
        },
        "parameters": [
          {
            "name": "timeout",
            "in": "query",
            "required": false,
            "schema": {
              "type": "integer",
              "default": 5
            },
            "description": "Timeout in seconds"
          }
        ],
        "responses": {
          "200": {
            "description": "Data session created or updated successfully"
          }
        }
      }
    },
    "/api2/data-session/time-series/{sessionId}": {
      "get": {

        "summary": "Retrieve time series data for a data session",

        "description": "Fetches time series data for a specified data session. Returns an error if the session is not found or not ready.",

        "parameters": [

          {

            "name": "sessionId",

            "in": "path",

            "required": true,

            "schema": {

              "type": "string"

            }

          },

          {

            "name": "userId",

            "in": "query",

            "required": true,

            "schema": {

              "type": "string"

            }

          }

        ],

        "responses": {

          "200": {

            "description": "Successful operation"

          }

        }

      }

    },

    "/api2/string-post": {
        "post": {
          "summary": "Store a string in Ignite cache",
          "description": "Reads a string from the request body and stores it in the Ignite cache with a predefined key.",
          "operationId": "storeStringInCache",

          "requestBody": {
            "description": "The string to be stored in the Ignite cache.",
            "required": true,
            "content": {
              "text/plain": {
                "schema": {
                  "type": "string"
                }
              }
            }
          },
          "responses": {
            "200": {
              "description": "String stored successfully",
              "content": {
                "text/plain": {
                  "schema": {
                    "type": "string",
                    "example": "Stored: Hello, Ignite! with key: 234"
                  }
                }
              }
            },
            "500": {
              "description": "Error reading request body",
              "content": {
                "text/plain": {
                  "schema": {
                    "type": "string",
                    "example": "Error reading request body: <error_message>"
                  }
                }
              }
            }
          }
        }
      },
    "/api2/string-postIgnite": {
      "post": {
        "summary": "Store a string in Ignite cache",
        "description": "Reads a string from the request body and stores it in the Ignite cache with a predefined key by using Ignite Atomic Sequence..",
        "operationId": "storeStringIgniteInCache",

        "requestBody": {
          "description": "The string to be stored in the Ignite cache by using Ignite Atomic Sequence.",
          "required": true,
          "content": {
            "text/plain": {
              "schema": {
                "type": "string"
              }
            }
          }
        },
        "responses": {
          "200": {
            "description": "String stored successfully",
            "content": {
              "text/plain": {
                "schema": {
                  "type": "string",
                  "example": "Stored: Hello, Ignite! with key: 234"
                }
              }
            }
          },
          "500": {
            "description": "Error reading request body",
            "content": {
              "text/plain": {
                "schema": {
                  "type": "string",
                  "example": "Error reading request body: <error_message>"
                }
              }
            }
          }
        }
      }
    },
    "/api2/string-postIgnite100": {
      "post": {
        "summary": "Store 100 strings in Ignite cache",
        "description": "Reads a string from the request body and stores it in the Ignite cache with a predefined key by using Ignite Atomic Sequence..",
        "operationId": "storeStringIgnite100InCache",

        "requestBody": {
          "description": "The string to be stored in the Ignite cache by using Ignite Atomic Sequence.",
          "required": true,
          "content": {
            "text/plain": {
              "schema": {
                "type": "string"
              }
            }
          }
        },
        "responses": {
          "200": {
            "description": "String stored successfully",
            "content": {
              "text/plain": {
                "schema": {
                  "type": "string",
                  "example": "Stored: Hello, Ignite! with key: 234"
                }
              }
            }
          },
          "500": {
            "description": "Error reading request body",
            "content": {
              "text/plain": {
                "schema": {
                  "type": "string",
                  "example": "Error reading request body: <error_message>"
                }
              }
            }
          }
        }
      }
    },
    "/api2/integer-post": {
    "post": {
      "summary": "Store an Integer in Ignite cache",
      "description": "Reads an integer from the request body and stores it in the Ignite cache with a predefined key.",
      "operationId": "storeIntegerInCache",

      "requestBody": {
        "description": "The Integer to be stored in the Ignite cache.",
        "required": true,
        "content": {
          "text/plain": {
            "schema": {
              "type": "integer"
            }
          }
        }
      },
      "responses": {
        "200": {
          "description": "Integer stored successfully",
          "content": {
            "text/plain": {
              "schema": {
                "type": "string",
                "example": "Stored: Hello, Ignite! with key: 234"
              }
            }
          }
        },
        "500": {
          "description": "Error reading request body",
          "content": {
            "text/plain": {
              "schema": {
                "type": "string",
                "example": "Error reading request body: <error_message>"
              }
            }
          }
        }
      }
    }
  },
    "/api2/string-get": {
      "get": {
        "summary": "Get key",
        "parameters": [

          {
            "name": "key",
            "in": "query",
            "required": true,
            "schema": {
              "type": "string"
            }
          }
        ],
        "responses": {
          "200": {
            "description": "Successful operation"
          }
        }
      }
    },
    "/api2/string-getIgnite": {
      "get": {
        "summary": "Get persisted Ignite key",
        "parameters": [

          {
            "name": "key",
            "in": "query",
            "required": true,
            "schema": {
              "type": "string"
            }
          }
        ],
        "responses": {
          "200": {
            "description": "Successful operation"
          }
        }
      }
    },
    "/api2/integer-get": {
      "get": {
        "summary": "Get key",
        "parameters": [

          {
            "name": "key",
            "in": "query",
            "required": true,
            "schema": {
              "type": "integer"
            }
          }
        ],
        "responses": {
          "200": {
            "description": "Successful operation"
          }
        }
      }
    }
    }

  }







